{"cameraMode":{"drawMode":0,"name":"Shaded","section":"Shading Mode"},"sceneLighting":true,"audioPlay":false,"sceneViewState":{"m_AlwaysRefresh":false,"showFog":true,"showSkybox":true,"showFlares":true,"showImageEffects":true,"showParticleSystems":true,"showVisualEffectGraphs":true,"m_FxEnabled":true},"in2DMode":false,"pivot":{"x":3.930819511413574,"y":2.4831721782684328,"z":18.190387725830079},"rotation":{"x":0.06940169632434845,"y":-0.41746795177459719,"z":0.032006219029426578,"w":0.9054865837097168},"size":0.8660253882408142,"orthographic":false}