{"cameraMode":{"drawMode":0,"name":"Shaded","section":"Shading Mode"},"sceneLighting":true,"audioPlay":false,"sceneViewState":{"m_AlwaysRefresh":false,"showFog":true,"showSkybox":true,"showFlares":true,"showImageEffects":true,"showParticleSystems":true,"showVisualEffectGraphs":true,"m_FxEnabled":true},"in2DMode":false,"pivot":{"x":1.2116483449935914,"y":1.5775519609451295,"z":0.7073097825050354},"rotation":{"x":0.21418680250644685,"y":-0.632062554359436,"z":0.18785804510116578,"w":0.7206536531448364},"size":0.8660253882408142,"orthographic":false}