{"cameraMode":{"drawMode":0,"name":"Shaded","section":"Shading Mode"},"sceneLighting":true,"audioPlay":false,"sceneViewState":{"m_AlwaysRefresh":false,"showFog":true,"showSkybox":true,"showFlares":true,"showImageEffects":true,"showParticleSystems":true,"showVisualEffectGraphs":true,"m_FxEnabled":true},"in2DMode":false,"pivot":{"x":2.8436617851257326,"y":2.3410139083862306,"z":-1.3310437202453614},"rotation":{"x":0.19997812807559968,"y":-0.32772982120513918,"z":0.07118985056877136,"w":0.9206193685531616},"size":0.8660253882408142,"orthographic":false}