{"cameraMode":{"drawMode":0,"name":"Shaded","section":"Shading Mode"},"sceneLighting":true,"audioPlay":false,"sceneViewState":{"m_AlwaysRefresh":false,"showFog":true,"showSkybox":true,"showFlares":true,"showImageEffects":true,"showParticleSystems":true,"showVisualEffectGraphs":true,"m_FxEnabled":true},"in2DMode":false,"pivot":{"x":1.7854435443878174,"y":2.142850399017334,"z":0.16428714990615846},"rotation":{"x":0.26062673330307009,"y":-0.5026468634605408,"z":0.16295388340950013,"w":0.8080209493637085},"size":1.8404453992843629,"orthographic":false}