{"cameraMode":{"drawMode":0,"name":"Shaded","section":"Shading Mode"},"sceneLighting":true,"audioPlay":false,"sceneViewState":{"m_AlwaysRefresh":false,"showFog":true,"showSkybox":true,"showFlares":true,"showImageEffects":true,"showParticleSystems":true,"showVisualEffectGraphs":true,"m_FxEnabled":true},"in2DMode":false,"pivot":{"x":-0.22637879848480225,"y":7.466670989990234,"z":50.80942916870117},"rotation":{"x":-0.06135884299874306,"y":0.5466592311859131,"z":-0.04114454239606857,"w":-0.8342631459236145},"size":1.0680311918258668,"orthographic":false}