{"cameraMode":{"drawMode":0,"name":"Shaded","section":"Shading Mode"},"sceneLighting":false,"audioPlay":false,"sceneViewState":{"m_AlwaysRefresh":false,"showFog":true,"showSkybox":false,"showFlares":true,"showImageEffects":true,"showParticleSystems":true,"showVisualEffectGraphs":true,"m_FxEnabled":true},"in2DMode":false,"pivot":{"x":-0.6109153032302856,"y":1.3678090572357178,"z":0.7197356820106506},"rotation":{"x":0.05754929035902023,"y":0.9198548793792725,"z":-0.14750242233276368,"w":0.3588963449001312},"size":1.4485106468200684,"orthographic":false}