{"cameraMode":{"drawMode":0,"name":"Shaded","section":"Shading Mode"},"sceneLighting":false,"audioPlay":false,"sceneViewState":{"m_AlwaysRefresh":false,"showFog":true,"showSkybox":false,"showFlares":true,"showImageEffects":true,"showParticleSystems":true,"showVisualEffectGraphs":true,"m_FxEnabled":true},"in2DMode":false,"pivot":{"x":-1.6948826313018799,"y":0.08147848397493363,"z":0.5059698224067688},"rotation":{"x":-0.0002952763461507857,"y":0.998511016368866,"z":0.016078289598226548,"w":0.05329710990190506},"size":0.8660253882408142,"orthographic":false}