{"cameraMode":{"drawMode":0,"name":"Shaded","section":"Shading Mode"},"sceneLighting":false,"audioPlay":false,"sceneViewState":{"m_AlwaysRefresh":false,"showFog":true,"showSkybox":false,"showFlares":true,"showImageEffects":true,"showParticleSystems":true,"showVisualEffectGraphs":true,"m_FxEnabled":true},"in2DMode":false,"pivot":{"x":0.14462199807167054,"y":3.608837127685547,"z":28.794675827026368},"rotation":{"x":0.016721967607736589,"y":0.9761478304862976,"z":-0.0816098302602768,"w":0.20072431862354279},"size":1.1533668041229249,"orthographic":false}