{"cameraMode":{"drawMode":0,"name":"Shaded","section":"Shading Mode"},"sceneLighting":false,"audioPlay":false,"sceneViewState":{"m_AlwaysRefresh":false,"showFog":true,"showSkybox":false,"showFlares":true,"showImageEffects":true,"showParticleSystems":true,"showVisualEffectGraphs":true,"m_FxEnabled":true},"in2DMode":false,"pivot":{"x":1.2220842838287354,"y":3.2573156356811525,"z":-1.0634714365005494},"rotation":{"x":0.48601943254470827,"y":-0.3862875998020172,"z":0.2530267834663391,"w":0.7419885993003845},"size":0.5442143082618713,"orthographic":true}