{"cameraMode":{"drawMode":0,"name":"Shaded","section":"Shading Mode"},"sceneLighting":false,"audioPlay":false,"sceneViewState":{"m_AlwaysRefresh":false,"showFog":true,"showSkybox":false,"showFlares":true,"showImageEffects":true,"showParticleSystems":true,"showVisualEffectGraphs":true,"m_FxEnabled":true},"in2DMode":false,"pivot":{"x":0.09612300992012024,"y":-0.283721387386322,"z":-0.5608600974082947},"rotation":{"x":-0.030944950878620149,"y":0.9510687589645386,"z":-0.29044193029403689,"w":-0.10106527805328369},"size":0.8702329993247986,"orthographic":false}