{"cameraMode":{"drawMode":0,"name":"Shaded","section":"Shading Mode"},"sceneLighting":false,"audioPlay":false,"sceneViewState":{"m_AlwaysRefresh":false,"showFog":true,"showSkybox":false,"showFlares":true,"showImageEffects":true,"showParticleSystems":true,"showVisualEffectGraphs":true,"m_FxEnabled":true},"in2DMode":false,"pivot":{"x":0.6381556987762451,"y":0.43586504459381106,"z":-0.8203393220901489},"rotation":{"x":0.004968452267348766,"y":0.9949399828910828,"z":-0.0756644457578659,"w":0.0663759857416153},"size":0.8702329993247986,"orthographic":false}