{"cameraMode":{"drawMode":0,"name":"Shaded","section":"Shading Mode"},"sceneLighting":false,"audioPlay":false,"sceneViewState":{"m_AlwaysRefresh":false,"showFog":true,"showSkybox":false,"showFlares":true,"showImageEffects":true,"showParticleSystems":true,"showVisualEffectGraphs":true,"m_FxEnabled":true},"in2DMode":false,"pivot":{"x":0.051680102944374087,"y":0.5474961996078491,"z":-0.10640722513198853},"rotation":{"x":-0.05594910308718681,"y":0.8241080641746521,"z":-0.5576436519622803,"w":-0.082555390894413},"size":0.8702329993247986,"orthographic":false}