{"cameraMode":{"drawMode":0,"name":"Shaded","section":"Shading Mode"},"sceneLighting":false,"audioPlay":false,"sceneViewState":{"m_AlwaysRefresh":false,"showFog":true,"showSkybox":false,"showFlares":true,"showImageEffects":true,"showParticleSystems":true,"showVisualEffectGraphs":true,"m_FxEnabled":true},"in2DMode":false,"pivot":{"x":1.132662057876587,"y":2.7198197841644289,"z":1.1842937469482422},"rotation":{"x":0.22902294993400575,"y":-0.5813269019126892,"z":0.17587749660015107,"w":0.7607296705245972},"size":1.9332430362701417,"orthographic":false}