{"cameraMode":{"drawMode":0,"name":"Shaded","section":"Shading Mode"},"sceneLighting":false,"audioPlay":false,"sceneViewState":{"m_AlwaysRefresh":false,"showFog":true,"showSkybox":false,"showFlares":true,"showImageEffects":true,"showParticleSystems":true,"showVisualEffectGraphs":true,"m_FxEnabled":true},"in2DMode":false,"pivot":{"x":0.7062698602676392,"y":3.5687806606292726,"z":-0.5552785992622376},"rotation":{"x":0.10339104384183884,"y":-0.7775975465774536,"z":0.13383091986179353,"w":0.6056205034255981},"size":1.9332430362701417,"orthographic":false}